Date,MORTGAGE30US,FEDFUNDS,DGS10,UNRATE,CPIAUCSL,DRSFRMACBS,Inflation_YoY,Mortgage_Spread
1991-01-01,9.638,6.91,8.092,6.4,134.7,3.1,5.647,1.546
1991-02-01,9.365,6.25,7.855,6.6,134.8,3.1,5.313,1.51
1991-03-01,9.5,6.12,8.11,6.8,134.8,3.1,4.821,1.39
1991-04-01,9.492,5.91,8.039,6.7,135.1,3.17,4.81,1.453
1991-05-01,9.472,5.78,8.068,6.9,135.6,3.17,5.035,1.404
1991-06-01,9.615,5.9,8.284,6.9,136.0,3.17,4.696,1.331
1991-07-01,9.575,5.82,8.273,6.8,136.2,3.22,4.368,1.302
1991-08-01,9.244,5.66,7.9,6.9,136.6,3.22,3.799,1.344
1991-09-01,9.008,5.45,7.65,6.9,137.0,3.22,3.396,1.358
1991-10-01,8.855,5.21,7.527,7.0,137.2,3.28,2.849,1.328
1991-11-01,8.712,4.81,7.417,7.0,137.8,3.28,3.067,1.295
1991-12-01,8.497,4.43,7.089,7.3,138.2,3.28,2.981,1.409
1992-01-01,8.432,4.03,7.032,7.3,138.3,3.13,2.673,1.4
1992-02-01,8.762,4.06,7.338,7.4,138.6,3.13,2.819,1.425
1992-03-01,8.935,3.98,7.542,7.4,139.1,3.13,3.19,1.393
1992-04-01,8.852,3.73,7.48,7.4,139.4,3.06,3.183,1.372
1992-05-01,8.672,3.82,7.392,7.6,139.7,3.06,3.024,1.28
1992-06-01,8.51,3.76,7.262,7.8,140.1,3.06,3.015,1.248
1992-07-01,8.128,3.25,6.845,7.7,140.5,2.89,3.157,1.283
1992-08-01,7.975,3.3,6.586,7.6,140.8,2.89,3.075,1.389
1992-09-01,7.922,3.22,6.415,7.6,141.1,2.89,2.993,1.507
1992-10-01,8.088,3.1,6.589,7.3,141.7,2.79,3.28,1.499
1992-11-01,8.305,3.09,6.873,7.4,142.1,2.79,3.12,1.432
1992-12-01,8.206,2.92,6.77,7.4,142.3,2.79,2.967,1.436
1993-01-01,7.992,3.02,6.6,7.3,142.8,2.78,3.254,1.392
1993-02-01,7.682,3.03,6.259,7.1,143.1,2.78,3.247,1.424
1993-03-01,7.495,3.07,5.975,7.0,143.3,2.78,3.019,1.52
1993-04-01,7.472,2.96,5.97,7.1,143.8,2.67,3.156,1.502
1993-05-01,7.465,3.0,6.036,7.1,144.2,2.67,3.221,1.43
1993-06-01,7.418,3.04,5.963,7.0,144.3,2.67,2.998,1.455
1993-07-01,7.206,3.06,5.805,6.9,144.5,2.59,2.847,1.401
1993-08-01,7.112,3.03,5.678,6.8,144.8,2.59,2.841,1.435
1993-09-01,6.915,3.09,5.36,6.7,145.0,2.59,2.764,1.555
1993-10-01,6.834,2.99,5.334,6.8,145.6,2.44,2.752,1.5
1993-11-01,7.155,3.02,5.724,6.6,146.0,2.44,2.745,1.431
1993-12-01,7.172,2.96,5.774,6.5,146.3,2.44,2.811,1.398
1994-01-01,7.06,3.05,5.751,6.6,146.3,2.39,2.451,1.31
1994-02-01,7.152,3.25,5.973,6.6,146.7,2.39,2.516,1.179
1994-03-01,7.675,3.34,6.483,6.5,147.1,2.39,2.652,1.192
1994-04-01,8.316,3.56,6.972,6.4,147.2,2.26,2.364,1.344
1994-05-01,8.598,4.01,7.183,6.1,147.5,2.26,2.288,1.414
1994-06-01,8.398,4.25,7.101,6.1,147.9,2.26,2.495,1.296
1994-07-01,8.614,4.26,7.298,6.1,148.4,2.16,2.699,1.316
1994-08-01,8.512,4.47,7.236,6.0,149.0,2.16,2.901,1.276
1994-09-01,8.64,4.73,7.457,5.9,149.3,2.16,2.966,1.183
1994-10-01,8.925,4.76,7.744,5.8,149.4,2.06,2.61,1.181
1994-11-01,9.17,5.29,7.955,5.6,149.8,2.06,2.603,1.215
1994-12-01,9.198,5.45,7.814,5.5,150.1,2.06,2.597,1.384
1995-01-01,9.148,5.53,7.78,5.6,150.5,2.08,2.871,1.368
1995-02-01,8.828,5.92,7.469,5.4,150.9,2.08,2.863,1.358
1995-03-01,8.462,5.98,7.205,5.4,151.2,2.08,2.787,1.257
1995-04-01,8.32,6.05,7.063,5.8,151.8,2.12,3.125,1.257
1995-05-01,7.955,6.01,6.633,5.6,152.1,2.12,3.119,1.322
1995-06-01,7.566,6.0,6.168,5.6,152.4,2.12,3.043,1.398
1995-07-01,7.608,5.85,6.278,5.7,152.6,2.16,2.83,1.329
1995-08-01,7.86,5.74,6.488,5.7,152.9,2.16,2.617,1.372
1995-09-01,7.636,5.8,6.198,5.6,153.1,2.16,2.545,1.439
1995-10-01,7.475,5.76,6.045,5.5,153.5,2.17,2.744,1.43
1995-11-01,7.377,5.8,5.93,5.6,153.7,2.17,2.603,1.447
1995-12-01,7.2,5.6,5.712,5.6,153.9,2.17,2.532,1.489
1996-01-01,7.03,5.56,5.652,5.6,154.7,2.18,2.791,1.378
1996-02-01,7.075,5.22,5.806,5.5,155.0,2.18,2.717,1.269
1996-03-01,7.624,5.31,6.269,5.5,155.5,2.18,2.844,1.355
1996-04-01,7.925,5.22,6.511,5.6,156.1,2.26,2.833,1.414
1996-05-01,8.07,5.24,6.737,5.6,156.4,2.26,2.827,1.333
1996-06-01,8.32,5.27,6.912,5.3,156.7,2.26,2.822,1.408
1996-07-01,8.245,5.4,6.865,5.5,157.0,2.24,2.883,1.38
1996-08-01,8.002,5.22,6.635,5.1,157.2,2.24,2.812,1.367
1996-09-01,8.23,5.3,6.832,5.2,157.7,2.24,3.005,1.398
1996-10-01,7.915,5.24,6.534,5.2,158.2,2.33,3.062,1.381
1996-11-01,7.618,5.31,6.204,5.4,158.7,2.33,3.253,1.414
1996-12-01,7.598,5.29,6.302,5.4,159.1,2.33,3.379,1.295
1997-01-01,7.824,5.25,6.579,5.3,159.4,2.3,3.038,1.245
1997-02-01,7.65,5.19,6.419,5.2,159.7,2.3,3.032,1.231
1997-03-01,7.898,5.39,6.694,5.2,159.8,2.3,2.765,1.203
1997-04-01,8.142,5.51,6.885,5.1,159.9,2.28,2.434,1.257
1997-05-01,7.944,5.5,6.711,4.9,159.9,2.28,2.238,1.233
1997-06-01,7.69,5.56,6.494,5.0,160.2,2.28,2.234,1.196
1997-07-01,7.498,5.52,6.22,4.9,160.4,2.25,2.166,1.277
1997-08-01,7.48,5.54,6.299,4.8,160.8,2.25,2.29,1.181
1997-09-01,7.43,5.54,6.209,4.9,161.2,2.25,2.219,1.221
1997-10-01,7.294,5.5,6.03,4.7,161.5,2.21,2.086,1.264
1997-11-01,7.205,5.52,5.875,4.6,161.7,2.21,1.89,1.33
1997-12-01,7.095,5.5,5.809,4.7,161.8,2.21,1.697,1.286
1998-01-01,6.994,5.56,5.544,4.6,162.0,2.2,1.631,1.449
1998-02-01,7.042,5.51,5.575,4.6,162.0,2.2,1.44,1.468
1998-03-01,7.128,5.49,5.647,4.7,162.0,2.2,1.377,1.48
1998-04-01,7.14,5.45,5.638,4.3,162.2,2.13,1.438,1.502
1998-05-01,7.144,5.49,5.652,4.4,162.6,2.13,1.689,1.492
1998-06-01,6.998,5.56,5.496,4.5,162.8,2.13,1.623,1.501
1998-07-01,6.952,5.54,5.461,4.5,163.2,2.1,1.746,1.491
1998-08-01,6.922,5.55,5.342,4.5,163.4,2.1,1.617,1.581
1998-09-01,6.722,5.51,4.807,4.6,163.5,2.1,1.427,1.916
1998-10-01,6.71,5.07,4.53,4.5,163.9,2.03,1.486,2.18
1998-11-01,6.865,4.83,4.827,4.4,164.1,2.03,1.484,2.038
1998-12-01,6.738,4.68,4.645,4.4,164.4,2.03,1.607,2.093
1999-01-01,6.785,4.63,4.722,4.3,164.7,1.94,1.667,2.063
1999-02-01,6.808,4.76,4.999,4.4,164.7,1.94,1.667,1.809
1999-03-01,7.04,4.81,5.233,4.2,164.8,1.94,1.728,1.807
1999-04-01,6.916,4.74,5.185,4.3,165.9,1.88,2.281,1.731
1999-05-01,7.145,4.74,5.539,4.2,166.0,1.88,2.091,1.606
1999-06-01,7.55,4.76,5.9,4.3,166.0,1.88,1.966,1.65
1999-07-01,7.632,4.99,5.792,4.3,166.7,2.15,2.145,1.84
1999-08-01,7.942,5.07,5.939,4.2,167.1,2.15,2.264,2.003
1999-09-01,7.822,5.22,5.915,4.2,167.8,2.15,2.63,1.907
1999-10-01,7.852,5.2,6.112,4.1,168.1,1.99,2.563,1.74
1999-11-01,7.738,5.42,6.034,4.1,168.4,1.99,2.62,1.704
1999-12-01,7.912,5.3,6.275,4.0,168.8,1.99,2.676,1.637
2000-01-01,8.21,5.45,6.661,4.0,169.3,1.95,2.793,1.549
2000-02-01,8.325,5.73,6.519,4.1,170.0,1.95,3.218,1.806
2000-03-01,8.24,5.85,6.257,4.0,171.0,1.95,3.762,1.983
2000-04-01,8.152,6.02,5.991,3.8,170.9,1.98,3.014,2.162
2000-05-01,8.515,6.27,6.44,4.0,171.2,1.98,3.133,2.075
2000-06-01,8.288,6.53,6.097,4.0,172.2,1.98,3.735,2.191
2000-07-01,8.148,6.54,6.054,4.0,172.7,2.09,3.599,2.094
2000-08-01,8.028,6.5,5.826,4.1,172.7,2.09,3.351,2.201
2000-09-01,7.912,6.52,5.799,3.9,173.6,2.09,3.456,2.113
2000-10-01,7.795,6.51,5.739,3.9,173.9,2.22,3.45,2.056
2000-11-01,7.745,6.51,5.717,3.9,174.2,2.22,3.444,2.028
2000-12-01,7.382,6.4,5.24,3.9,174.6,2.22,3.436,2.141
2001-01-01,7.032,5.98,5.161,4.2,175.6,2.34,3.721,1.872
2001-02-01,7.05,5.49,5.099,4.2,176.0,2.34,3.529,1.951
2001-03-01,6.952,5.31,4.885,4.3,176.1,2.34,2.982,2.067
2001-04-01,7.078,4.8,5.141,4.4,176.4,2.41,3.218,1.936
2001-05-01,7.145,4.21,5.391,4.3,177.3,2.41,3.563,1.754
2001-06-01,7.16,3.97,5.284,4.5,177.7,2.41,3.194,1.876
2001-07-01,7.128,3.77,5.236,4.6,177.4,2.19,2.721,1.891
2001-08-01,6.95,3.65,4.971,4.9,177.4,2.19,2.721,1.979
2001-09-01,6.818,3.07,4.732,5.0,178.1,2.19,2.592,2.086
2001-10-01,6.618,2.49,4.567,5.3,177.6,2.26,2.128,2.051
2001-11-01,6.658,2.09,4.652,5.5,177.5,2.26,1.894,2.006
2001-12-01,7.065,1.82,5.088,5.7,177.4,2.26,1.604,1.977
2002-01-01,6.998,1.73,5.036,5.7,177.7,2.24,1.196,1.962
2002-02-01,6.892,1.74,4.912,5.7,178.0,2.24,1.136,1.981
2002-03-01,7.014,1.73,5.284,5.7,178.5,2.24,1.363,1.73
2002-04-01,6.985,1.75,5.211,5.9,179.3,2.16,1.644,1.774
2002-05-01,6.806,1.75,5.165,5.8,179.5,2.16,1.241,1.641
2002-06-01,6.65,1.75,4.926,5.8,179.6,2.16,1.069,1.724
2002-07-01,6.485,1.73,4.653,5.8,180.0,2.1,1.466,1.832
2002-08-01,6.29,1.74,4.257,5.7,180.5,2.1,1.747,2.033
2002-09-01,6.092,1.75,3.87,5.7,180.8,2.1,1.516,2.222
2002-10-01,6.112,1.75,3.941,5.7,181.2,1.99,2.027,2.172
2002-11-01,6.068,1.34,4.048,5.9,181.5,1.99,2.254,2.02
2002-12-01,6.048,1.24,4.032,6.0,181.8,1.99,2.48,2.015
2003-01-01,5.916,1.24,4.049,5.8,182.6,1.98,2.757,1.867
2003-02-01,5.842,1.26,3.903,5.9,183.6,1.98,3.146,1.94
2003-03-01,5.745,1.25,3.807,5.9,183.9,1.98,3.025,1.938
2003-04-01,5.812,1.26,3.959,6.0,183.2,1.83,2.175,1.854
2003-05-01,5.484,1.26,3.569,6.1,182.9,1.83,1.894,1.915
2003-06-01,5.23,1.22,3.334,6.3,183.1,1.83,1.949,1.896
2003-07-01,5.632,1.01,3.975,6.2,183.7,1.73,2.056,1.657
2003-08-01,6.264,1.03,4.445,6.1,184.5,1.73,2.216,1.819
2003-09-01,6.148,1.01,4.274,6.1,185.1,1.73,2.378,1.873
2003-10-01,5.952,1.01,4.29,6.0,184.9,1.77,2.042,1.662
2003-11-01,5.932,1.0,4.3,5.8,185.0,1.77,1.928,1.632
2003-12-01,5.876,0.98,4.268,5.7,185.5,1.77,2.035,1.608
2004-01-01,5.712,1.0,4.15,5.7,186.3,1.64,2.026,1.562
2004-02-01,5.635,1.01,4.084,5.6,186.7,1.64,1.688,1.551
2004-03-01,5.445,1.0,3.827,5.8,187.1,1.64,1.74,1.618
2004-04-01,5.83,1.0,4.348,5.6,187.4,1.6,2.293,1.482
2004-05-01,6.27,1.0,4.716,5.6,188.2,1.6,2.898,1.554
2004-06-01,6.288,1.03,4.734,5.6,188.9,1.6,3.168,1.554
2004-07-01,6.056,1.26,4.498,5.5,189.1,1.56,2.94,1.558
2004-08-01,5.868,1.43,4.281,5.4,189.2,1.56,2.547,1.586
2004-09-01,5.754,1.61,4.126,5.4,189.8,1.56,2.539,1.628
2004-10-01,5.722,1.76,4.097,5.5,190.8,1.41,3.191,1.626
2004-11-01,5.73,1.93,4.194,5.4,191.7,1.41,3.622,1.536
2004-12-01,5.752,2.16,4.231,5.4,191.7,1.41,3.342,1.521
2005-01-01,5.71,2.28,4.222,5.3,191.6,1.42,2.845,1.488
2005-02-01,5.628,2.5,4.165,5.4,192.4,1.42,3.053,1.462
2005-03-01,5.928,2.63,4.498,5.2,193.1,1.42,3.207,1.43
2005-04-01,5.855,2.79,4.341,5.2,193.7,1.55,3.362,1.514
2005-05-01,5.72,3.0,4.144,5.1,193.6,1.55,2.869,1.576
2005-06-01,5.582,3.04,3.998,5.0,193.7,1.55,2.541,1.584
2005-07-01,5.695,3.26,4.178,5.0,194.9,1.59,3.067,1.518
2005-08-01,5.82,3.5,4.263,4.9,196.1,1.59,3.647,1.557
2005-09-01,5.774,3.62,4.199,5.0,198.8,1.59,4.742,1.575
2005-10-01,6.065,3.78,4.464,5.0,199.1,1.64,4.35,1.602
2005-11-01,6.33,4.0,4.535,5.0,198.1,1.64,3.339,1.795
2005-12-01,6.272,4.16,4.467,4.9,198.1,1.64,3.339,1.805
2006-01-01,6.145,4.29,4.416,4.7,199.3,1.61,4.019,1.729
2006-02-01,6.252,4.49,4.569,4.8,199.4,1.61,3.638,1.684
2006-03-01,6.324,4.59,4.724,4.7,199.7,1.61,3.418,1.6
2006-04-01,6.508,4.79,4.991,4.7,200.7,1.62,3.614,1.517
2006-05-01,6.598,4.94,5.11,4.6,201.3,1.62,3.977,1.487
2006-06-01,6.682,4.99,5.106,4.6,201.8,1.62,4.182,1.576
2006-07-01,6.762,5.24,5.088,4.7,202.9,1.74,4.105,1.675
2006-08-01,6.524,5.25,4.877,4.7,203.8,1.74,3.927,1.647
2006-09-01,6.402,5.25,4.719,4.5,202.8,1.74,2.012,1.684
2006-10-01,6.358,5.25,4.729,4.4,201.9,1.92,1.406,1.628
2006-11-01,6.24,5.25,4.595,4.5,202.0,1.92,1.969,1.645
2006-12-01,6.135,5.24,4.564,4.4,203.1,1.92,2.524,1.57
2007-01-01,6.218,5.25,4.76,4.6,203.437,2.08,2.076,1.458
2007-02-01,6.285,5.26,4.723,4.5,204.226,2.08,2.42,1.562
2007-03-01,6.156,5.26,4.565,4.4,205.288,2.08,2.798,1.591
2007-04-01,6.18,5.25,4.694,4.5,205.904,2.29,2.593,1.486
2007-05-01,6.262,5.25,4.746,4.4,206.755,2.29,2.71,1.516
2007-06-01,6.658,5.25,5.103,4.6,207.234,2.29,2.693,1.555
2007-07-01,6.695,5.26,5.004,4.7,207.603,2.71,2.318,1.691
2007-08-01,6.572,5.02,4.675,4.6,207.667,2.71,1.897,1.897
2007-09-01,6.382,4.94,4.522,4.7,208.547,2.71,2.834,1.861
2007-10-01,6.375,4.76,4.528,4.7,209.19,3.1,3.611,1.847
2007-11-01,6.208,4.49,4.148,4.7,210.834,3.1,4.373,2.06
2007-12-01,6.095,4.24,4.098,5.0,211.445,3.1,4.109,1.997
2008-01-01,5.758,3.94,3.744,5.0,212.174,3.68,4.295,2.014
2008-02-01,5.918,2.98,3.738,4.9,212.687,3.68,4.143,2.18
2008-03-01,5.97,2.61,3.51,5.1,213.448,3.68,3.975,2.46
2008-04-01,5.918,2.28,3.675,5.0,213.942,4.37,3.904,2.243
2008-05-01,6.036,1.98,3.88,5.4,215.208,4.37,4.088,2.156
2008-06-01,6.32,2.0,4.1,5.6,217.463,4.37,4.936,2.22
2008-07-01,6.426,2.01,4.008,5.8,219.016,5.26,5.498,2.418
2008-08-01,6.478,2.0,3.886,6.1,218.69,5.26,5.308,2.592
2008-09-01,6.038,1.81,3.686,6.1,218.877,5.26,4.953,2.351
2008-10-01,6.2,0.97,3.814,6.5,216.995,6.6,3.731,2.386
2008-11-01,6.088,0.39,3.527,6.8,213.153,6.6,1.1,2.561
2008-12-01,5.286,0.16,2.416,7.3,211.398,6.6,-0.022,2.87
2009-01-01,5.047,0.15,2.518,7.8,211.933,7.99,-0.114,2.53
2009-02-01,5.13,0.22,2.87,8.3,212.705,7.99,0.008,2.26
2009-03-01,5.002,0.18,2.82,8.7,212.495,7.99,-0.446,2.183
2009-04-01,4.81,0.15,2.927,9.0,212.709,8.58,-0.576,1.883
2009-05-01,4.858,0.18,3.293,9.4,213.022,8.58,-1.016,1.564
2009-06-01,5.42,0.21,3.722,9.5,214.79,8.58,-1.229,1.698
2009-07-01,5.222,0.16,3.562,9.5,214.726,9.49,-1.959,1.66
2009-08-01,5.192,0.16,3.587,9.6,215.445,9.49,-1.484,1.605
2009-09-01,5.058,0.15,3.402,9.8,215.861,9.49,-1.378,1.656
2009-10-01,4.952,0.12,3.388,10.0,216.509,10.41,-0.224,1.564
2009-11-01,4.875,0.12,3.403,9.9,217.234,10.41,1.915,1.472
2009-12-01,4.93,0.12,3.59,9.9,217.347,10.41,2.814,1.34
2010-01-01,5.03,0.11,3.733,9.8,217.488,11.48,2.621,1.297
2010-02-01,4.99,0.13,3.691,9.8,217.281,11.48,2.151,1.299
2010-03-01,4.968,0.16,3.727,9.9,217.353,11.48,2.286,1.24
2010-04-01,5.098,0.2,3.847,9.9,217.403,11.08,2.207,1.251
2010-05-01,4.888,0.2,3.42,9.6,217.29,11.08,2.004,1.467
2010-06-01,4.738,0.18,3.204,9.4,217.199,11.08,1.122,1.533
2010-07-01,4.564,0.18,3.011,9.4,217.605,10.65,1.341,1.553
2010-08-01,4.428,0.19,2.699,9.5,217.923,10.65,1.15,1.729
2010-09-01,4.346,0.19,2.648,9.5,218.275,10.65,1.118,1.698
2010-10-01,4.225,0.19,2.54,9.4,219.035,10.33,1.167,1.685
2010-11-01,4.3,0.19,2.763,9.8,219.59,10.33,1.085,1.537
2010-12-01,4.714,0.18,3.291,9.3,220.472,10.33,1.438,1.423
2011-01-01,4.755,0.17,3.394,9.1,221.187,10.37,1.701,1.361
2011-02-01,4.952,0.16,3.576,9.0,221.898,10.37,2.125,1.376
2011-03-01,4.836,0.14,3.414,9.0,223.046,10.37,2.619,1.422
2011-04-01,4.84,0.1,3.455,9.1,224.093,10.55,3.077,1.385
2011-05-01,4.638,0.09,3.169,9.0,224.806,10.55,3.459,1.469
2011-06-01,4.51,0.09,3.002,9.1,224.806,10.55,3.502,1.508
2011-07-01,4.545,0.07,3.003,9.0,225.395,10.5,3.58,1.542
2011-08-01,4.27,0.1,2.303,9.0,226.106,10.5,3.755,1.967
2011-09-01,4.106,0.08,1.975,9.0,226.597,10.5,3.813,2.131
2011-10-01,4.068,0.07,2.152,8.8,226.75,10.25,3.522,1.915
2011-11-01,3.992,0.08,2.013,8.6,227.169,10.25,3.451,1.979
2011-12-01,3.958,0.07,1.978,8.5,227.223,10.25,3.062,1.98
2012-01-01,3.915,0.08,1.966,8.3,227.842,10.33,3.009,1.949
2012-02-01,3.89,0.1,1.968,8.3,228.329,10.33,2.898,1.922
2012-03-01,3.954,0.13,2.173,8.2,228.807,10.33,2.583,1.781
2012-04-01,3.91,0.14,2.053,8.2,229.187,10.45,2.273,1.857
2012-05-01,3.798,0.16,1.803,8.2,228.713,10.45,1.738,1.995
2012-06-01,3.675,0.16,1.622,8.2,228.524,10.45,1.654,2.053
2012-07-01,3.55,0.16,1.527,8.2,228.59,10.47,1.418,2.023
2012-08-01,3.602,0.13,1.678,8.1,229.918,10.47,1.686,1.924
2012-09-01,3.498,0.14,1.723,7.8,231.015,10.47,1.95,1.774
2012-10-01,3.383,0.16,1.746,7.8,231.638,10.03,2.156,1.636
2012-11-01,3.352,0.16,1.654,7.7,231.249,10.03,1.796,1.698
2012-12-01,3.345,0.16,1.719,7.9,231.221,10.03,1.76,1.626
2013-01-01,3.414,0.14,1.915,8.0,231.679,9.73,1.684,1.499
2013-02-01,3.532,0.15,1.984,7.7,232.937,9.73,2.018,1.548
2013-03-01,3.565,0.14,1.958,7.5,232.282,9.73,1.519,1.608
2013-04-01,3.445,0.15,1.759,7.6,231.797,9.31,1.139,1.686
2013-05-01,3.536,0.11,1.928,7.5,231.893,9.31,1.39,1.608
2013-06-01,4.07,0.09,2.3,7.5,232.445,9.31,1.716,1.77
2013-07-01,4.37,0.09,2.582,7.3,232.9,8.65,1.885,1.788
2013-08-01,4.456,0.08,2.737,7.2,233.456,8.65,1.539,1.719
2013-09-01,4.49,0.08,2.81,7.2,233.544,8.65,1.095,1.681
2013-10-01,4.192,0.09,2.616,7.2,233.669,8.29,0.877,1.576
2013-11-01,4.255,0.08,2.718,6.9,234.1,8.29,1.233,1.537
2013-12-01,4.458,0.09,2.902,6.7,234.719,8.29,1.513,1.556
2014-01-01,4.432,0.07,2.858,6.6,235.288,7.78,1.558,1.574
2014-02-01,4.302,0.07,2.709,6.7,235.547,7.78,1.12,1.593
2014-03-01,4.342,0.08,2.723,6.7,236.028,7.78,1.613,1.619
2014-04-01,4.338,0.09,2.705,6.2,236.468,7.43,2.015,1.632
2014-05-01,4.192,0.09,2.559,6.3,236.918,7.43,2.167,1.633
2014-06-01,4.162,0.1,2.599,6.1,237.231,7.43,2.059,1.564
2014-07-01,4.13,0.09,2.542,6.2,237.498,7.05,1.974,1.588
2014-08-01,4.115,0.09,2.42,6.1,237.46,7.05,1.715,1.695
2014-09-01,4.162,0.09,2.534,5.9,237.477,7.05,1.684,1.628
2014-10-01,4.036,0.09,2.304,5.7,237.43,6.52,1.61,1.732
2014-11-01,3.998,0.09,2.326,5.8,236.983,6.52,1.232,1.672
2014-12-01,3.864,0.12,2.207,5.6,236.252,6.52,0.653,1.657
2015-01-01,3.67,0.11,1.882,5.7,234.747,6.22,-0.23,1.788
2015-02-01,3.71,0.11,1.975,5.5,235.342,6.22,-0.087,1.735
2015-03-01,3.77,0.11,2.043,5.4,235.976,6.22,-0.022,1.727
2015-04-01,3.672,0.12,1.935,5.4,236.222,5.81,-0.104,1.737
2015-05-01,3.84,0.12,2.198,5.6,237.001,5.81,0.035,1.642
2015-06-01,3.982,0.13,2.364,5.3,237.657,5.81,0.18,1.619
2015-07-01,4.046,0.13,2.325,5.2,238.034,5.41,0.226,1.721
2015-08-01,3.905,0.14,2.167,5.1,238.033,5.41,0.241,1.738
2015-09-01,3.89,0.14,2.173,5.0,237.498,5.41,0.009,1.717
2015-10-01,3.796,0.12,2.07,5.0,237.733,5.12,0.128,1.726
2015-11-01,3.942,0.12,2.263,5.1,238.017,5.12,0.436,1.679
2015-12-01,3.964,0.24,2.243,5.0,237.761,5.12,0.639,1.721
2016-01-01,3.872,0.34,2.085,4.8,237.652,4.78,1.238,1.787
2016-02-01,3.66,0.38,1.78,4.9,237.336,4.78,0.847,1.88
2016-03-01,3.694,0.36,1.889,5.0,238.08,4.78,0.892,1.805
2016-04-01,3.605,0.37,1.805,5.1,238.992,4.58,1.173,1.8
2016-05-01,3.6,0.37,1.806,4.8,239.557,4.58,1.078,1.794
2016-06-01,3.568,0.38,1.644,4.9,240.222,4.58,1.079,1.924
2016-07-01,3.44,0.39,1.504,4.8,240.101,4.38,0.868,1.936
2016-08-01,3.435,0.4,1.557,4.9,240.545,4.38,1.055,1.878
2016-09-01,3.46,0.4,1.63,5.0,241.176,4.38,1.549,1.83
2016-10-01,3.47,0.4,1.764,4.9,241.741,4.14,1.686,1.706
2016-11-01,3.77,0.41,2.142,4.7,242.026,4.14,1.684,1.628
2016-12-01,4.198,0.54,2.492,4.7,242.637,4.14,2.051,1.706
2017-01-01,4.15,0.65,2.432,4.7,243.618,3.91,2.51,1.718
2017-02-01,4.168,0.66,2.419,4.6,244.006,3.91,2.81,1.749
2017-03-01,4.196,0.79,2.482,4.4,243.892,3.91,2.441,1.714
2017-04-01,4.045,0.9,2.297,4.4,244.193,3.68,2.176,1.748
2017-05-01,4.01,0.91,2.304,4.4,244.004,3.68,1.856,1.706
2017-06-01,3.904,1.04,2.187,4.3,244.163,3.68,1.641,1.717
2017-07-01,3.968,1.15,2.318,4.3,244.243,3.64,1.725,1.65
2017-08-01,3.88,1.16,2.209,4.4,245.183,3.64,1.928,1.671
2017-09-01,3.805,1.15,2.202,4.3,246.435,3.64,2.181,1.603
2017-10-01,3.895,1.15,2.36,4.2,246.626,3.57,2.021,1.535
2017-11-01,3.922,1.16,2.353,4.2,247.284,3.57,2.172,1.569
2017-12-01,3.95,1.3,2.402,4.1,247.805,3.57,2.13,1.548
2018-01-01,4.033,1.41,2.584,4.0,248.859,3.48,2.151,1.449
2018-02-01,4.33,1.42,2.859,4.1,249.529,3.48,2.263,1.471
2018-03-01,4.444,1.51,2.842,4.0,249.577,3.48,2.331,1.602
2018-04-01,4.468,1.69,2.869,4.0,250.227,3.22,2.471,1.598
2018-05-01,4.586,1.7,2.978,3.8,250.792,3.22,2.782,1.608
2018-06-01,4.57,1.82,2.912,4.0,251.018,3.22,2.808,1.658
2018-07-01,4.528,1.91,2.889,3.8,251.214,2.98,2.854,1.638
2018-08-01,4.55,1.91,2.889,3.8,251.663,2.98,2.643,1.661
2018-09-01,4.627,1.95,3.004,3.7,252.182,2.98,2.332,1.623
2018-10-01,4.83,2.19,3.152,3.8,252.772,2.83,2.492,1.678
2018-11-01,4.866,2.2,3.117,3.8,252.594,2.83,2.147,1.749
2018-12-01,4.638,2.27,2.833,3.9,252.767,2.83,2.002,1.805
2019-01-01,4.464,2.4,2.714,4.0,252.561,2.69,1.488,1.75
2019-02-01,4.37,2.4,2.676,3.8,253.319,2.69,1.519,1.694
2019-03-01,4.265,2.41,2.571,3.8,254.277,2.69,1.883,1.694
2019-04-01,4.142,2.42,2.532,3.7,255.233,2.6,2.001,1.61
2019-05-01,4.072,2.39,2.395,3.6,255.296,2.6,1.796,1.677
2019-06-01,3.802,2.38,2.074,3.6,255.213,2.6,1.671,1.728
2019-07-01,3.765,2.4,2.059,3.7,255.802,2.44,1.826,1.706
2019-08-01,3.616,2.13,1.626,3.6,256.036,2.44,1.738,1.99
2019-09-01,3.605,2.04,1.7,3.5,256.43,2.44,1.684,1.906
2019-10-01,3.688,1.83,1.707,3.6,257.155,2.34,1.734,1.981
2019-11-01,3.695,1.55,1.812,3.6,257.879,2.34,2.092,1.883
2019-12-01,3.72,1.55,1.863,3.6,258.63,2.34,2.32,1.857
2020-01-01,3.624,1.55,1.758,3.6,259.127,2.35,2.6,1.866
2020-02-01,3.465,1.58,1.504,3.5,259.25,2.35,2.341,1.961
2020-03-01,3.45,0.65,0.87,4.4,258.076,2.35,1.494,2.58
2020-04-01,3.306,0.05,0.658,14.8,256.032,2.54,0.313,2.648
2020-05-01,3.232,0.05,0.674,13.2,255.802,2.54,0.198,2.558
2020-06-01,3.162,0.08,0.729,11.0,257.042,2.54,0.717,2.434
2020-07-01,3.016,0.09,0.624,10.2,258.352,2.84,0.997,2.392
2020-08-01,2.935,0.1,0.65,8.4,259.316,2.84,1.281,2.285
2020-09-01,2.89,0.09,0.68,7.8,259.997,2.84,1.391,2.21
2020-10-01,2.834,0.09,0.787,6.9,260.319,2.75,1.23,2.047
2020-11-01,2.765,0.09,0.87,6.7,260.911,2.75,1.176,1.895
2020-12-01,2.684,0.09,0.934,6.7,262.045,2.75,1.32,1.75
2021-01-01,2.735,0.09,1.081,6.4,262.687,2.68,1.374,1.654
2021-02-01,2.81,0.08,1.258,6.2,263.579,2.68,1.67,1.552
2021-03-01,3.082,0.07,1.611,6.1,264.961,2.68,2.668,1.472
2021-04-01,3.06,0.07,1.635,6.1,266.614,2.47,4.133,1.425
2021-05-01,2.962,0.06,1.621,5.8,268.383,2.47,4.918,1.342
2021-06-01,2.975,0.08,1.519,5.9,270.654,2.47,5.296,1.456
2021-07-01,2.868,0.1,1.319,5.4,271.903,2.3,5.245,1.549
2021-08-01,2.843,0.09,1.283,5.1,272.676,2.3,5.152,1.559
2021-09-01,2.9,0.08,1.375,4.7,273.91,2.3,5.351,1.525
2021-10-01,3.068,0.08,1.582,4.5,276.55,2.29,6.235,1.485
2021-11-01,3.068,0.08,1.56,4.1,278.919,2.29,6.902,1.508
2021-12-01,3.098,0.08,1.465,3.9,280.845,2.29,7.174,1.633
2022-01-01,3.445,0.08,1.764,4.0,282.543,2.09,7.559,1.681
2022-02-01,3.762,0.08,1.934,3.9,284.5,2.09,7.937,1.828
2022-03-01,4.172,0.2,2.128,3.7,287.674,2.09,8.572,2.044
2022-04-01,4.982,0.33,2.748,3.7,288.561,1.96,8.232,2.235
2022-05-01,5.23,0.77,2.898,3.6,291.298,1.96,8.538,2.332
2022-06-01,5.522,1.21,3.143,3.6,294.957,1.96,8.979,2.379
2022-07-01,5.412,1.68,2.896,3.5,294.913,1.84,8.463,2.516
2022-08-01,5.222,2.33,2.898,3.6,295.097,1.84,8.223,2.325
2022-09-01,6.112,2.56,3.519,3.5,296.349,1.84,8.192,2.593
2022-10-01,6.9,3.08,3.984,3.6,298.007,1.79,7.759,2.916
2022-11-01,6.805,3.78,3.891,3.6,298.786,1.79,7.123,2.914
2022-12-01,6.364,4.1,3.616,3.5,298.832,1.79,6.405,2.748
2023-01-01,6.272,4.33,3.532,3.5,300.42,1.74,6.327,2.741
2023-02-01,6.258,4.57,3.747,3.6,301.45,1.74,5.958,2.511
2023-03-01,6.544,4.65,3.663,3.5,301.821,1.74,4.918,2.881
2023-04-01,6.342,4.83,3.46,3.4,302.845,1.72,4.95,2.882
2023-05-01,6.425,5.06,3.574,3.6,303.334,1.72,4.132,2.851
2023-06-01,6.714,5.08,3.748,3.6,304.014,1.72,3.071,2.966
2023-07-01,6.84,5.12,3.899,3.5,304.609,1.72,3.288,2.94
2023-08-01,7.072,5.33,4.168,3.7,306.082,1.72,3.723,2.904
2023-09-01,7.2,5.33,4.379,3.7,307.276,1.72,3.687,2.821
2023-10-01,7.62,5.33,4.798,3.9,307.696,1.7,3.251,2.822
2023-11-01,7.442,5.33,4.503,3.7,308.148,1.7,3.133,2.939
2023-12-01,6.815,5.33,4.02,3.8,308.741,1.7,3.316,2.795
2024-01-01,6.642,5.33,4.058,3.7,309.698,1.71,3.088,2.584
2024-02-01,6.776,5.33,4.208,3.9,310.967,1.71,3.157,2.568
2024-03-01,6.82,5.33,4.208,3.9,312.345,1.71,3.487,2.612
2024-04-01,6.992,5.33,4.539,3.9,313.023,1.73,3.361,2.453
2024-05-01,7.06,5.33,4.482,3.9,313.175,1.73,3.244,2.578
2024-06-01,6.918,5.33,4.305,4.1,313.044,1.73,2.97,2.612
2024-07-01,6.848,5.33,4.249,4.2,313.569,1.74,2.941,2.599
2024-08-01,6.5,5.33,3.871,4.2,314.062,1.74,2.607,2.629
2024-09-01,6.18,5.13,3.724,4.1,314.732,1.74,2.426,2.456
2024-10-01,6.428,4.83,4.095,4.1,315.631,1.77,2.579,2.333
2024-11-01,6.805,4.64,4.356,4.2,316.528,1.77,2.719,2.449
2024-12-01,6.715,4.48,4.391,4.1,317.604,1.77,2.871,2.324
2025-01-01,6.958,4.33,4.629,4.0,318.961,1.77,2.991,2.329
2025-02-01,6.842,4.33,4.451,4.2,319.679,1.77,2.802,2.391
2025-03-01,6.65,4.33,4.28,4.2,319.785,1.77,2.382,2.37
2025-04-01,6.725,4.33,4.279,4.2,320.302,1.78,2.325,2.446
2025-05-01,6.816,4.33,4.424,4.3,320.62,1.78,2.377,2.392
2025-06-01,6.818,4.33,4.384,4.1,321.435,1.78,2.68,2.434
2025-07-01,6.72,4.33,4.392,4.3,322.169,1.78,2.743,2.328
2025-08-01,6.588,4.33,4.265,4.3,323.291,1.78,2.939,2.323
2025-09-01,6.352,4.22,4.12,4.4,324.245,1.78,3.023,2.232
2025-11-01,6.238,3.88,4.094,4.5,325.063,1.79,2.696,2.144
2025-12-01,6.19,3.72,4.143,4.4,326.031,1.79,2.653,2.047
2026-01-01,6.102,3.64,4.214,4.3,326.588,1.88,2.391,1.889
2026-02-01,6.048,3.64,4.126,4.4,327.46,1.88,2.434,1.922
2026-03-01,6.178,3.64,4.246,4.3,330.293,1.88,3.286,1.932
2026-04-01,6.332,3.64,4.319,4.3,332.407,1.86,3.779,2.013
2026-05-01,6.442,3.63,4.484,4.3,333.979,,4.167,1.958
2026-06-01,6.49,3.63,4.47,4.2,332.568,,3.464,2.02
2026-07-01,6.542,3.63,4.6,4.1,332.813,,3.304,1.942
2026-08-01,6.668,3.63,4.684,4.1,334.131,,3.353,1.983
